,Faculty
Microbiology,"Hee-Sun Han | Chemistry, Jessica F Brinkworth | Anthropology, Brian F Allan | Integrative Biology"
Chemical & Biomolecular Engineering,"Hee-Sun Han | Chemistry, Prashant Jain | Chemistry"
Biophysics & Quantitative Biology,"Mikael Backlund | Chemistry, Hee-Sun Han | Chemistry, Yuguo Chen | Statistics"
Spurlock Museum,Jane Desmond | Anthropology
"Sociology', ""Gender & Women's Studies"", 'Communication",Jane Desmond | Anthropology
Statistics,Yuguo Chen | Statistics
Integrative Biology,Jessica F Brinkworth | Anthropology
Psychology,"Diane M Beck | Psychology, John P. Caughlin | Communication, Stewart Coles | Communication, Mardia J Bishop Ph.D. | Communication"
African American Studies,Teresa Barnes | History
Plant Biology,Elizabeth Ainsworth | Integrative Biology
"History', ""Gender & Women's Studies"", 'African Studies",Teresa Barnes | History
"Evolution, Ecology, and Behavior","Jessica F Brinkworth | Anthropology, Elizabeth Ainsworth | Integrative Biology, Brian F Allan | Integrative Biology, Yuguo Chen | Statistics"
Philosophy,Jane Desmond | Anthropology
Global Studies,Teresa Barnes | History
Neuroscience Program,"Hee-Sun Han | Chemistry, Diane M Beck | Psychology"
Molecular & Cellular Biology,"Hee-Sun Han | Chemistry, Jessica F Brinkworth | Anthropology"
Chosen programs: ['Anthropology,Jane Desmond | Anthropology
Political Science,"Stewart Coles | Communication, Teresa Barnes | History"
Criticism & Interpretive Theory,Jane Desmond | Anthropology
"Psychology', ""Gender & Women's Studies"", 'English",Mardia J Bishop Ph.D. | Communication
Biochemistry,"Hee-Sun Han | Chemistry, Elizabeth Ainsworth | Integrative Biology"
Writing Studies,Teresa Barnes | History
Sociology,"Jessica F Brinkworth | Anthropology, Jane Desmond | Anthropology, Stewart Coles | Communication, Mardia J Bishop Ph.D. | Communication"
Chemical Sciences,"Mikael Backlund | Chemistry, Prashant Jain | Chemistry"
Molecular & Integrative Physiology,"Elizabeth Ainsworth | Integrative Biology, Marianne Alleyne | Integrative Biology"
Entomology,"Brian F Allan | Integrative Biology, Marianne Alleyne | Integrative Biology"
Communication,"Jane Desmond | Anthropology, John P. Caughlin | Communication, Stewart Coles | Communication, Mardia J Bishop Ph.D. | Communication"
History,"Mardia J Bishop Ph.D. | Communication, Teresa Barnes | History"
