,Faculty
Endocrinology & Metabolism,Marianne Alleyne | Integrative Biology
Chemical & Biomolecular Engineering,Prashant Jain | Chemistry
Ecology,"Elizabeth Ainsworth | Integrative Biology, Brian F Allan | Integrative Biology"
Interpersonal & Organizational Communication,"John P. Caughlin | Communication, Mardia J Bishop Ph.D. | Communication"
Immunology & Pathogenesis,Jessica F Brinkworth | Anthropology
Media & Cinema Studies,"Stewart Coles | Communication, Mardia J Bishop Ph.D. | Communication"
African American History & Politics,Teresa Barnes | History
American History,"Mardia J Bishop Ph.D. | Communication, Teresa Barnes | History"
Social-Personality Psychology,Stewart Coles | Communication
Chemistry,Prashant Jain | Chemistry
Behavioral & Cognitive Neuroscience,Diane M Beck | Psychology
Culture & Social Psychology,"Jane Desmond | Anthropology, Mardia J Bishop Ph.D. | Communication"
"Gender, Race & Intersectionality","Mardia J Bishop Ph.D. | Communication, Teresa Barnes | History"
Biomolecular & Cellular Engineering,Hee-Sun Han | Chemistry
Systems & Computational Biology,"Hee-Sun Han | Chemistry, Yuguo Chen | Statistics"
Health Communication,"John P. Caughlin | Communication, Mardia J Bishop Ph.D. | Communication"
Computational Statistics & Data Science,Yuguo Chen | Statistics
Social Stratification & Inequality,"Jessica F Brinkworth | Anthropology, Mardia J Bishop Ph.D. | Communication"
Energy & Sustainability,Prashant Jain | Chemistry
Sociocultural Anthropology,Jane Desmond | Anthropology
Evolutionary Biology,"Jessica F Brinkworth | Anthropology, Yuguo Chen | Statistics"
Critical Theory,Jane Desmond | Anthropology
"Politics, History & Development",Teresa Barnes | History
Plant Ecology & Environmental Biology,Elizabeth Ainsworth | Integrative Biology
Pest Management & Applied Ecology,Brian F Allan | Integrative Biology
Molecular Biophysics,Mikael Backlund | Chemistry
Transnational & Postcolonial Feminisms,Teresa Barnes | History
Cognitive Neuroscience,Diane M Beck | Psychology
Global & Transnational History,Teresa Barnes | History
Cultural Heritage & Museum Studies,Jane Desmond | Anthropology
Applied Statistics & Biostatistics,Yuguo Chen | Statistics
American Politics,Stewart Coles | Communication
Statistical Theory & Methods,Yuguo Chen | Statistics
Materials & Nanotechnology,"Hee-Sun Han | Chemistry, Prashant Jain | Chemistry"
Plant Physiology & Molecular Biology,Elizabeth Ainsworth | Integrative Biology
