,Faculty
Language and culture,"Jane Desmond | Anthropology, Mardia J Bishop Ph.D. | Communication, Teresa Barnes | History"
Physical sciences,"Mikael Backlund | Chemistry, Hee-Sun Han | Chemistry, Prashant Jain | Chemistry"
"Race, ethnicity, indigeneity, and gender","Jane Desmond | Anthropology, Stewart Coles | Communication, Mardia J Bishop Ph.D. | Communication, Teresa Barnes | History"
Interdisciplinary research,"Mikael Backlund | Chemistry, Hee-Sun Han | Chemistry, Jessica F Brinkworth | Anthropology, Jane Desmond | Anthropology, Mardia J Bishop Ph.D. | Communication, Elizabeth Ainsworth | Integrative Biology, Brian F Allan | Integrative Biology, Marianne Alleyne | Integrative Biology, Teresa Barnes | History, Yuguo Chen | Statistics"
Mathematical sciences,"Brian F Allan | Integrative Biology, Yuguo Chen | Statistics"
Humanities,"Jane Desmond | Anthropology, Mardia J Bishop Ph.D. | Communication, Teresa Barnes | History"
International and area studies,Teresa Barnes | History
Biological sciences,"Mikael Backlund | Chemistry, Hee-Sun Han | Chemistry, Diane M Beck | Psychology, Jessica F Brinkworth | Anthropology, Elizabeth Ainsworth | Integrative Biology, Brian F Allan | Integrative Biology, Marianne Alleyne | Integrative Biology, Yuguo Chen | Statistics"
Chemical sciences,"Mikael Backlund | Chemistry, Hee-Sun Han | Chemistry, Prashant Jain | Chemistry"
Social and behavioral sciences,"Diane M Beck | Psychology, Jessica F Brinkworth | Anthropology, Jane Desmond | Anthropology, John P. Caughlin | Communication, Stewart Coles | Communication, Mardia J Bishop Ph.D. | Communication, Teresa Barnes | History"
